City_ID,City,Country,Lat,Lng,Max Temp,Humidity,Cloudiness,Wind Speed,Current Description
0,Manzhouli,CN,49.6,117.4333,24.46,38,3,3.22,clear sky
1,Kahului,US,20.8947,-156.47,69.06,69,1,3.96,clear sky
2,Montrose,US,38.4166,-108.2673,50.45,27,1,0.63,clear sky
3,Lompoc,US,34.6391,-120.4579,60.93,89,90,5.75,overcast clouds
4,Qaanaaq,GL,77.484,-69.3632,2.53,51,0,8.25,clear sky
5,Vaini,TO,-21.2,-175.2,71.76,94,20,3.44,few clouds
6,Sao Paulo De Olivenca,BR,-3.3783,-68.8725,87.66,65,86,2.06,overcast clouds
7,Adrar,MR,20.5022,-10.0711,86.29,12,100,8.5,overcast clouds
8,Hilo,US,19.7297,-155.09,82.27,74,2,0.45,clear sky
9,Ushuaia,AR,-54.8,-68.3,49.66,53,0,13.8,clear sky
10,Ponta Do Sol,PT,32.6667,-17.1,78.01,76,69,8.41,broken clouds
11,Lorengau,PG,-2.0226,147.2712,81.55,79,83,6.26,broken clouds
12,Gornozavodsk,RU,58.3758,58.3211,36.23,85,95,11.16,overcast clouds
13,Punta Arenas,CL,-53.15,-70.9167,51.91,43,0,18.41,clear sky
14,Busselton,AU,-33.65,115.3333,49.8,90,35,6.87,scattered clouds
15,Rikitea,PF,-23.1203,-134.9692,74.77,85,86,21.7,light rain
16,New Norfolk,AU,-42.7826,147.0587,51.93,65,67,4.0,broken clouds
17,Madimba,TZ,-10.4,40.3333,75.83,80,20,5.64,few clouds
18,Talnakh,RU,69.4865,88.3972,17.1,96,100,1.74,light snow
19,Nouadhibou,MR,20.931,-17.0347,71.58,78,3,17.27,clear sky
20,Souillac,MU,-20.5167,57.5167,73.78,78,40,4.61,scattered clouds
21,Melilla,ES,35.2937,-2.9383,73.6,56,0,6.91,clear sky
22,Bredasdorp,ZA,-34.5322,20.0403,62.28,88,35,6.33,scattered clouds
23,Ostrovnoy,RU,68.0531,39.5131,33.08,86,100,11.83,overcast clouds
24,Narsaq,GL,60.9167,-46.05,29.21,71,41,3.31,scattered clouds
25,Jorhat,IN,26.75,94.2167,70.39,87,52,1.68,broken clouds
26,Cape Town,ZA,-33.9258,18.4232,64.81,76,0,16.11,clear sky
27,Sena Madureira,BR,-9.0656,-68.6569,103.26,25,16,2.57,few clouds
28,Berlevag,NO,70.8578,29.0864,37.2,77,85,6.22,overcast clouds
29,Jamestown,US,42.097,-79.2353,54.3,92,90,4.0,overcast clouds
30,Rize,TR,40.9044,40.8949,37.76,80,15,8.57,few clouds
31,Payson,US,40.0444,-111.7321,61.79,54,75,4.61,broken clouds
32,Saint George,US,37.1041,-113.5841,71.13,27,8,3.11,clear sky
33,Katsuura,JP,35.1333,140.3,59.14,61,48,2.01,scattered clouds
34,Parauna,BR,-16.9478,-50.4486,79.5,62,98,8.32,overcast clouds
35,Saskylakh,RU,71.9167,114.0833,8.91,92,100,10.89,overcast clouds
36,Pisco,PE,-13.7,-76.2167,65.01,82,90,8.05,overcast clouds
37,Tabriz,IR,38.08,46.2919,54.86,71,40,16.11,scattered clouds
38,Husavik,IS,66.0449,-17.3389,39.11,93,100,12.57,overcast clouds
39,Lasa,IT,46.6166,10.7002,46.62,77,100,3.91,overcast clouds
40,Butaritari,KI,3.0707,172.7902,81.88,73,83,6.04,light rain
41,Vestmannaeyjar,IS,63.4427,-20.2734,45.59,76,0,2.3,clear sky
42,Chokurdakh,RU,70.6333,147.9167,-3.62,99,100,5.82,overcast clouds
43,Arraial Do Cabo,BR,-22.9661,-42.0278,75.06,73,90,8.05,overcast clouds
44,Upernavik,GL,72.7868,-56.1549,25.79,57,100,8.12,overcast clouds
45,Hobart,AU,-42.8794,147.3294,52.27,67,40,1.99,scattered clouds
46,Kaitangata,NZ,-46.2817,169.8464,50.04,69,75,6.2,broken clouds
47,Coquimbo,CL,-29.9533,-71.3436,62.33,72,20,6.91,few clouds
48,High Rock,BS,26.6208,-78.2833,80.62,58,33,24.43,scattered clouds
49,Prattville,US,32.464,-86.4597,58.32,88,90,6.91,overcast clouds
50,Yar-Sale,RU,66.8333,70.8333,11.82,88,100,18.86,overcast clouds
51,Port Alfred,ZA,-33.5906,26.891,64.31,91,12,9.82,few clouds
52,Honiara,SB,-9.4333,159.95,77.52,87,63,5.75,broken clouds
53,Hamilton,US,39.1834,-84.5333,56.95,96,100,1.01,overcast clouds
54,Ilulissat,GL,69.2167,-51.1,30.43,89,100,6.8,overcast clouds
55,Airai,TL,-8.9266,125.4092,62.53,91,99,0.74,overcast clouds
56,Leningradskiy,RU,69.3833,178.4167,-4.34,95,100,5.86,overcast clouds
57,Bluff,NZ,-46.6,168.3333,52.9,66,31,19.33,scattered clouds
58,Chuy,UY,-33.6971,-53.4616,71.22,74,99,14.09,overcast clouds
59,Brae,GB,60.3964,-1.353,48.11,87,100,17.94,overcast clouds
60,Mackay,AU,-21.15,149.2,73.38,94,75,4.61,broken clouds
61,Mataura,NZ,-46.1927,168.8643,47.46,69,32,3.85,scattered clouds
62,Gazalkent,UZ,41.5581,69.7708,46.76,44,86,3.13,overcast clouds
63,Toppenish,US,46.3774,-120.3087,48.34,39,0,7.34,clear sky
64,Lethem,GY,3.3803,-59.7968,93.6,42,23,3.62,few clouds
65,Atuona,PF,-9.8,-139.0333,77.52,69,14,18.99,few clouds
66,Suntar,RU,62.1444,117.6319,23.97,95,100,8.08,light snow
67,Goya,AR,-29.14,-59.2626,99.25,22,5,6.35,clear sky
68,Zhezkazgan,KZ,47.8043,67.7144,42.78,61,100,11.68,overcast clouds
69,Fort Nelson,CA,58.8053,-122.7002,22.59,74,1,6.91,clear sky
70,Cooma,AU,-36.2333,149.1333,29.97,100,7,0.0,clear sky
71,Albany,US,42.6001,-73.9662,57.78,88,99,9.15,light rain
72,Kapaa,US,22.0752,-159.319,75.18,79,27,2.55,scattered clouds
73,Nikolskoye,RU,59.7035,30.7861,45.88,93,85,6.96,overcast clouds
74,East London,ZA,-33.0153,27.9116,63.54,88,0,12.66,clear sky
75,Volax,GR,41.3167,24.0,45.79,72,0,1.63,clear sky
76,Radomsko,PL,51.0671,19.4448,55.51,54,3,11.81,clear sky
77,Bermeo,ES,43.4209,-2.7215,62.35,87,100,3.94,overcast clouds
78,Vila Velha,BR,-20.3297,-40.2925,75.15,83,75,12.66,broken clouds
79,Lagoa,PT,39.05,-27.9833,70.16,90,100,23.76,overcast clouds
80,Ribeira Grande,PT,38.5167,-28.7,71.33,90,100,20.11,overcast clouds
81,Port-Gentil,GA,-0.7193,8.7815,82.36,78,40,14.97,heavy intensity rain
82,Codrington,AU,-38.2667,141.9667,41.77,94,2,8.08,clear sky
83,Baracoa,CU,20.3467,-74.4958,88.88,57,76,7.07,broken clouds
84,Amot,NO,59.5714,7.9877,46.51,93,100,6.24,light rain
85,Tuktoyaktuk,CA,69.4541,-133.0374,17.6,100,90,6.91,light snow
86,Yellowknife,CA,62.456,-114.3525,29.41,94,40,8.01,scattered clouds
87,Hofn,IS,64.2539,-15.2082,43.02,86,100,15.66,light rain
88,Camacha,PT,33.0833,-16.3333,74.53,85,68,15.26,broken clouds
89,Ryki,PL,51.6257,21.9327,55.18,55,53,12.84,broken clouds
90,Tuatapere,NZ,-46.1333,167.6833,48.27,84,53,8.25,broken clouds
91,Aklavik,CA,68.2191,-135.0107,17.6,93,90,6.91,fog
92,Freetown,SL,8.484,-13.2299,83.91,70,75,8.05,broken clouds
93,Lesosibirsk,RU,58.2358,92.4828,25.23,59,73,9.42,broken clouds
94,Gazojak,TM,41.1875,61.4036,51.98,38,100,9.84,overcast clouds
95,Luderitz,NA,-26.6481,15.1594,61.0,86,0,6.38,clear sky
96,Lachhmangarh,IN,27.8214,75.0251,70.77,27,0,1.23,clear sky
97,Alice Springs,AU,-23.7,133.8833,60.35,67,75,9.22,broken clouds
98,Avarua,CK,-21.2078,-159.775,73.45,68,20,13.8,few clouds
99,Margate,GB,51.3813,1.3862,55.11,79,95,16.44,overcast clouds
100,Astoria,US,46.1879,-123.8313,51.71,73,0,3.0,clear sky
101,Sobolevo,RU,54.4299,31.8996,45.63,81,32,10.04,scattered clouds
102,Krasne,UA,49.9145,24.6134,51.19,56,94,12.93,overcast clouds
103,Coihaique,CL,-45.5752,-72.0662,57.81,30,20,3.44,few clouds
104,Vardo,NO,70.3705,31.1107,39.13,75,70,9.84,broken clouds
105,Cherskiy,RU,68.75,161.3,-3.93,99,100,5.01,overcast clouds
106,Idil,TR,37.3411,41.8895,61.72,60,98,8.37,overcast clouds
107,Cap Malheureux,MU,-19.9842,57.6142,73.89,74,5,2.77,clear sky
108,Seafield,GB,55.9667,-3.15,47.35,85,0,4.0,clear sky
109,Isangel,VU,-19.55,169.2667,74.17,83,7,4.9,clear sky
110,Tura,IN,25.5198,90.2201,64.76,67,0,2.24,clear sky
111,Hambantota,LK,6.1241,81.1185,79.0,84,96,2.84,overcast clouds
112,Nurota,UZ,40.5614,65.6886,44.69,47,100,4.81,overcast clouds
113,Chimore,BO,-16.9833,-65.1333,95.76,36,33,2.48,light rain
114,Nemuro,JP,43.3236,145.575,48.34,75,36,11.7,scattered clouds
115,Price,US,39.5994,-110.8107,54.41,41,99,3.31,overcast clouds
116,Pathanamthitta,IN,9.2667,76.7833,75.15,98,100,1.39,light rain
117,Tucurui,BR,-3.7661,-49.6725,94.95,38,35,1.66,scattered clouds
118,Carnarvon,AU,-24.8667,113.6333,68.07,68,0,18.41,clear sky
119,San Vicente,AR,-26.6167,-54.1333,79.97,55,100,2.68,moderate rain
120,Kozhva,RU,65.1073,57.0459,11.44,96,36,2.62,scattered clouds
121,Novyy Urgal,RU,51.0736,132.5642,25.32,78,23,2.06,few clouds
122,Sao Miguel Do Araguaia,BR,-13.275,-50.1628,93.88,33,55,2.8,broken clouds
123,Thompson,CA,55.7435,-97.8558,35.76,80,20,10.36,few clouds
124,Mar Del Plata,AR,-38.0023,-57.5575,84.22,58,40,9.22,scattered clouds
125,Marquette,US,46.5333,-87.6335,50.83,80,7,5.57,clear sky
126,Bay-Khaak,RU,51.1667,94.5,33.69,66,99,2.95,overcast clouds
127,Kindersley,CA,51.4668,-109.1682,32.02,55,20,13.8,few clouds
128,Hasaki,JP,35.7333,140.8333,48.49,60,48,6.04,scattered clouds
129,Dikson,RU,73.5069,80.5464,7.11,92,100,17.05,overcast clouds
130,Lebu,CL,-37.6167,-73.65,55.62,68,92,18.01,overcast clouds
131,Deputatskiy,RU,69.3,139.9,-7.76,98,98,5.61,overcast clouds
132,Ocosingo,MX,17.0667,-92.25,75.11,43,45,3.2,scattered clouds
133,Okhotsk,RU,59.3833,143.3,11.39,70,0,19.86,clear sky
134,Bonfim,BR,3.0833,-59.95,94.41,39,16,2.8,few clouds
135,Kavieng,PG,-2.5744,150.7967,82.94,75,43,13.02,scattered clouds
136,Half Moon Bay,US,37.4636,-122.4286,66.06,90,90,5.75,overcast clouds
137,Itarema,BR,-2.9248,-39.9167,86.27,59,67,14.07,broken clouds
138,Conway,US,35.0887,-92.4421,63.09,52,1,7.94,clear sky
139,Codigoro,IT,44.8311,12.1142,56.08,78,91,2.33,overcast clouds
140,Ambilobe,MG,-13.2,49.05,76.62,78,41,1.83,light rain
141,Hithadhoo,MV,-0.6,73.0833,82.62,76,64,16.13,broken clouds
142,Sao Jose Do Calcado,BR,-21.0253,-41.6544,70.9,88,100,6.11,overcast clouds
143,Lalmohan,BD,22.3384,90.7419,77.11,71,50,10.6,scattered clouds
144,Hirado,JP,33.3597,129.5531,61.36,74,38,8.08,scattered clouds
145,Lavrentiya,RU,65.5833,-171.0,10.62,78,55,6.13,broken clouds
146,Fushun,CN,41.8558,123.9233,48.61,80,80,5.77,broken clouds
147,Vostochnyy,RU,55.8167,37.8667,47.1,85,57,9.22,broken clouds
148,Carupano,VE,10.6678,-63.2585,84.36,66,71,13.76,broken clouds
149,Barrow,US,71.2906,-156.7887,16.74,95,99,3.76,overcast clouds
150,Bubaque,GW,11.2833,-15.8333,78.69,79,100,6.55,overcast clouds
151,Puerto Ayora,EC,-0.7393,-90.3518,78.76,79,71,8.86,broken clouds
152,Nanortalik,GL,60.1432,-45.2371,35.01,73,28,3.15,scattered clouds
153,Kijang,KR,35.2442,129.2139,51.53,67,4,5.03,clear sky
154,La Ronge,CA,55.1001,-105.2842,35.82,86,90,5.75,light rain
155,Khuzdar,PK,27.7384,66.6434,64.67,20,0,10.31,clear sky
156,Arima,TT,10.6333,-61.2833,87.75,65,75,8.01,broken clouds
157,Provideniya,RU,64.3833,-173.3,12.63,85,99,11.3,overcast clouds
158,Namibe,AO,-15.1961,12.1522,67.95,77,81,8.86,broken clouds
159,Freeport,US,40.6576,-73.5832,67.32,82,82,1.01,broken clouds
160,Shibganj,BD,24.6829,88.1598,71.35,50,0,6.89,clear sky
161,Kalmunai,LK,7.4167,81.8167,79.0,84,78,7.11,broken clouds
162,Stephenville,US,32.2207,-98.2023,75.54,23,0,3.69,clear sky
163,Cahors,FR,44.4167,1.3333,59.95,81,100,1.32,light rain
164,Plettenberg Bay,ZA,-34.0527,23.3716,59.88,93,2,1.43,clear sky
165,Mariental,NA,-24.6333,17.9667,81.16,10,0,9.17,clear sky
166,Hermanus,ZA,-34.4187,19.2345,62.8,82,48,10.47,scattered clouds
167,Tasiilaq,GL,65.6145,-37.6368,15.8,63,22,6.53,few clouds
168,Khatanga,RU,71.9667,102.5,-3.51,100,95,2.46,overcast clouds
169,Faya,SA,18.3851,42.4509,66.72,37,41,9.71,scattered clouds
170,College,US,64.8569,-147.8028,29.66,89,20,9.22,few clouds
171,Kousseri,CM,12.0769,15.0306,94.96,15,57,3.44,dust
172,Sao Joao Da Barra,BR,-21.6403,-41.0511,75.29,87,100,13.62,overcast clouds
173,Cidreira,BR,-30.1811,-50.2056,71.15,78,72,22.97,broken clouds
174,Dover,US,39.1582,-75.5244,67.98,65,75,10.36,broken clouds
175,Saint-Philippe,RE,-21.3585,55.7679,72.99,80,75,3.31,broken clouds
176,Makakilo City,US,21.3469,-158.0858,76.28,76,2,2.82,clear sky
177,Shahrud,IR,36.4182,54.9763,53.06,49,41,6.31,scattered clouds
178,Lawigan,PH,10.487,122.0354,76.44,88,74,12.24,broken clouds
179,Thinadhoo,MV,0.5333,72.9333,83.16,76,43,14.54,scattered clouds
180,Hailar,CN,49.2,119.7,26.55,44,6,5.88,clear sky
181,Sorland,NO,67.667,12.6934,49.23,90,100,20.45,overcast clouds
182,Krabi,TH,8.0726,98.9105,77.2,94,20,2.3,few clouds
183,Agirish,RU,61.9247,63.0231,15.98,99,87,3.33,overcast clouds
184,Tacoronte,ES,28.4769,-16.4102,67.26,69,20,2.3,few clouds
185,Kiama,AU,-34.6833,150.8667,49.48,82,27,4.92,scattered clouds
186,Kuytun,RU,54.3419,101.5036,30.63,78,93,3.83,overcast clouds
187,Marovoay,MG,-16.1,46.6333,78.94,78,6,6.38,clear sky
188,Tres Arroyos,AR,-38.3739,-60.2798,65.61,49,84,19.37,broken clouds
189,Nusaybin,TR,37.0778,41.2178,66.72,51,100,9.53,overcast clouds
190,Solvychegodsk,RU,61.3305,46.9156,36.77,100,100,2.71,overcast clouds
191,Atar,MR,20.5169,-13.0499,90.48,23,100,3.58,overcast clouds
192,Shubarshi,KZ,48.5872,57.1869,43.11,79,46,8.28,scattered clouds
193,San Cristobal,VE,7.7669,-72.225,78.98,87,98,3.58,overcast clouds
194,Dinan,FR,48.4167,-2.25,53.74,73,98,9.26,overcast clouds
195,Inuvik,CA,68.3499,-133.7218,17.64,88,75,0.0,broken clouds
196,Talaya,RU,61.3833,152.75,5.94,96,100,6.53,overcast clouds
197,Alofi,NU,-19.0595,-169.9187,73.29,83,100,3.44,light rain
198,Georgetown,MY,5.4112,100.3354,77.9,94,40,1.99,scattered clouds
199,Hualmay,PE,-11.0964,-77.6139,68.58,71,50,7.83,scattered clouds
200,Curup,ID,-3.4667,102.5333,68.23,96,100,2.19,overcast clouds
201,Torbay,CA,47.6666,-52.7314,52.57,46,20,9.22,few clouds
202,Buraydah,SA,26.326,43.975,79.25,24,0,10.0,clear sky
203,Krasnoselkup,RU,65.7,82.4667,6.15,98,92,5.5,overcast clouds
204,Orlik,RU,52.5178,99.825,27.48,67,100,4.25,overcast clouds
205,Aleksandrov Gay,RU,50.147,48.5704,44.02,66,34,8.57,scattered clouds
206,Roald,NO,62.5833,6.1333,51.91,66,0,8.05,clear sky
207,Artyom,AZ,40.4723,50.333,53.74,65,100,5.14,overcast clouds
208,Adelaide,AU,-34.9333,138.6,48.18,79,20,4.61,few clouds
209,Tetelzingo,MX,19.0667,-97.15,61.27,63,49,4.68,scattered clouds
210,Sambava,MG,-14.2667,50.1667,74.75,87,15,8.93,light rain
211,Hami,CN,42.8,93.45,51.85,39,99,3.76,overcast clouds
212,Dobson,US,36.3957,-80.7226,59.14,80,90,6.96,overcast clouds
213,Seoul,KR,37.5683,126.9778,53.04,90,0,2.3,clear sky
214,Bangassou,CF,4.7413,22.8184,70.81,97,76,4.34,light rain
215,Mocuba,MZ,-16.8392,36.9856,72.3,60,1,6.78,clear sky
216,Olafsvik,IS,64.8945,-23.7142,42.91,87,46,16.24,scattered clouds
217,Gauting,DE,48.0692,11.377,50.2,85,0,2.3,clear sky
218,Dingle,PH,10.9995,122.6711,75.42,92,89,8.1,overcast clouds
219,Posse,BR,-14.0931,-46.3694,88.59,30,85,3.11,overcast clouds
220,Iquique,CL,-20.2208,-70.1431,66.24,67,12,7.18,few clouds
221,Huilong,CN,31.8111,121.655,63.03,81,9,4.72,clear sky
222,Onguday,RU,50.75,86.15,35.26,76,100,2.21,overcast clouds
223,Severo-Kurilsk,RU,50.6789,156.125,39.25,82,8,12.46,clear sky
224,Sitka,US,57.0531,-135.33,42.03,92,100,5.97,overcast clouds
225,Zabaykalsk,RU,49.6333,117.3167,22.98,44,2,2.93,clear sky
226,Broome,US,42.2506,-75.833,56.32,81,90,1.99,overcast clouds
227,Tsiroanomandidy,MG,-18.7667,46.0333,73.94,49,24,5.91,few clouds
228,Sao Filipe,CV,14.8961,-24.4956,79.86,75,94,10.83,overcast clouds
229,Methoni,GR,36.8197,21.7049,62.46,59,26,7.92,scattered clouds
230,Beringovskiy,RU,63.05,179.3167,6.58,94,98,17.78,overcast clouds
231,Flinders,AU,-34.5833,150.8552,54.81,74,20,4.76,few clouds
232,Harwich,GB,51.9419,1.2844,54.21,73,91,4.0,overcast clouds
233,Tambovka,RU,50.0969,128.0489,19.51,50,3,9.42,clear sky
234,Mount Isa,AU,-20.7333,139.5,76.62,23,90,19.82,overcast clouds
235,Oranjestad,AW,12.524,-70.027,82.35,74,20,14.97,few clouds
236,Sola,VU,-13.8833,167.55,81.16,69,9,16.93,clear sky
237,Isabela,PH,6.7085,121.9711,79.38,82,93,1.79,moderate rain
238,Banjar,ID,-8.19,114.9675,77.77,89,95,1.74,overcast clouds
239,Marmora,IT,44.4583,7.094,44.53,99,100,1.3,overcast clouds
240,Walvis Bay,NA,-22.9575,14.5053,61.75,77,29,10.36,scattered clouds
241,Zorritos,PE,-3.6805,-80.6782,75.49,70,43,11.59,scattered clouds
242,Manta,EC,-0.95,-80.7333,78.58,73,75,12.66,broken clouds
243,Verkhnyaya Khava,RU,51.8404,39.9413,43.68,79,17,7.02,few clouds
244,Rabo De Peixe,PT,37.8,-25.5833,71.11,94,75,17.27,broken clouds
245,Clyde,US,41.3042,-82.9752,57.04,92,100,8.55,overcast clouds
246,Nizwa,OM,22.9333,57.5333,79.27,31,0,2.04,clear sky
247,Rundu,NA,-17.9333,19.7667,83.44,32,63,3.89,broken clouds
248,Mayo,US,38.8876,-76.5119,64.35,73,40,3.0,scattered clouds
249,Houston,US,29.7633,-95.3633,73.9,35,1,1.99,clear sky
250,Voi,KE,-3.3945,38.563,77.13,66,84,9.22,broken clouds
251,Pevek,RU,69.7008,170.3133,-0.15,96,100,9.06,overcast clouds
252,Nyandoma,RU,61.669,40.1991,43.16,87,100,7.49,overcast clouds
253,Tongliao,CN,43.6125,122.2653,35.42,60,42,14.03,scattered clouds
254,Salalah,OM,17.0151,54.0924,80.26,70,2,9.84,clear sky
255,Itaituba,BR,-4.2761,-55.9836,96.96,41,20,9.22,few clouds
256,Orcopampa,PE,-15.2661,-72.3417,58.89,43,89,3.18,overcast clouds
257,Orichi,RU,58.4036,49.0572,41.04,95,99,7.05,overcast clouds
258,Castro,BR,-24.7911,-50.0119,71.35,75,51,7.9,broken clouds
259,Saint-Pierre,RE,-21.3393,55.4781,73.08,78,0,3.44,clear sky
260,Santa Rosa,PH,14.3122,121.1114,80.58,77,10,11.7,clear sky
261,Natal,BR,-5.795,-35.2094,88.45,62,20,20.71,few clouds
262,Manokwari,ID,-0.8667,134.0833,78.31,74,82,3.91,broken clouds
263,Udachnyy,RU,66.4167,112.4,18.59,88,100,14.92,overcast clouds
264,Bozdar,PK,27.1828,68.636,75.27,15,0,3.24,clear sky
265,Leshukonskoye,RU,64.8989,45.7622,28.71,99,100,2.3,light snow
266,Nizhnyaya Tavda,RU,57.6731,66.1725,28.78,98,99,5.41,light snow
267,Sumbawanga,TZ,-7.9667,31.6167,66.34,53,59,1.36,broken clouds
268,Dunedin,NZ,-45.8742,170.5036,50.5,83,0,1.52,clear sky
269,Ahipara,NZ,-35.1667,173.1667,62.42,97,100,11.32,overcast clouds
270,Susanino,RU,58.1461,41.5872,43.5,95,81,6.64,broken clouds
271,Lata,PT,40.1629,-8.3327,63.91,98,100,4.41,overcast clouds
272,Salinopolis,BR,-0.6136,-47.3561,82.99,76,24,7.27,few clouds
273,Cam Ranh,VN,11.9214,109.1591,78.76,89,75,11.5,broken clouds
274,Port Lincoln,AU,-34.7333,135.8667,52.27,70,1,7.18,clear sky
275,Znamenskoye,RU,57.1281,73.8282,24.75,90,100,8.25,light snow
276,Longyearbyen,SJ,78.2186,15.6401,17.58,84,59,4.41,broken clouds
277,Nanakuli,US,21.3906,-158.1547,77.7,75,5,2.82,clear sky
278,Port-Cartier,CA,50.0334,-66.8654,50.22,43,54,3.74,broken clouds
279,Nsanje,MW,-16.92,35.262,80.74,33,0,4.59,clear sky
280,Jimma,ET,7.6667,36.8333,59.07,65,60,1.57,broken clouds
281,Bambous Virieux,MU,-20.3428,57.7575,73.65,78,40,4.61,scattered clouds
282,Kedrovyy,RU,56.1667,91.8167,25.21,76,76,5.77,broken clouds
283,Svetlaya,RU,46.5389,138.3297,45.55,60,100,8.68,overcast clouds
284,Vera Cruz,BR,-12.6333,-41.0333,88.52,36,43,4.92,scattered clouds
285,Ladario,BR,-19.0047,-57.6017,98.85,29,45,6.46,light rain
286,Osorno,CL,-40.5667,-73.15,62.91,51,0,10.36,clear sky
287,Armizonskoye,RU,55.9461,67.6736,30.69,97,100,12.53,light snow
288,Mahebourg,MU,-20.4081,57.7,73.69,78,40,4.61,scattered clouds
289,Carutapera,BR,-1.195,-46.02,84.16,71,35,5.66,scattered clouds
290,Praia,CV,14.9215,-23.5087,81.14,78,40,16.11,scattered clouds
291,Richards Bay,ZA,-28.783,32.0377,64.9,84,97,9.24,overcast clouds
292,Port Augusta,AU,-32.5,137.7667,57.34,50,99,6.17,overcast clouds
293,Gigmoto,PH,13.7796,124.39,80.78,70,95,12.95,overcast clouds
294,San Patricio,US,28.017,-97.5169,81.05,18,0,3.18,clear sky
295,Jiuquan,CN,39.7432,98.5174,39.47,40,0,4.61,clear sky
296,Clyde River,CA,70.4692,-68.5914,30.43,100,90,17.27,snow
297,Oksovskiy,RU,62.6062,39.8984,44.37,85,100,7.18,overcast clouds
298,Camana,PE,-16.6228,-72.7111,69.01,72,82,6.85,broken clouds
299,Mendi,PG,-6.1761,143.6513,53.33,97,100,3.11,overcast clouds
300,Wodzislaw Slaski,PL,50.0038,18.4721,57.78,53,1,9.71,clear sky
301,Srednekolymsk,RU,67.45,153.6833,-8.9,99,100,3.67,overcast clouds
302,Meulaboh,ID,4.1363,96.1285,75.63,90,93,4.47,overcast clouds
303,Sindor,RU,62.8629,51.8905,32.02,99,100,1.68,overcast clouds
304,Atlantic City,US,39.3643,-74.4229,69.49,78,78,12.66,broken clouds
305,Tual,ID,-5.6667,132.75,83.07,72,100,5.88,overcast clouds
306,Jaumave,MX,23.4167,-99.3833,75.96,38,0,3.42,clear sky
307,Rincon,US,32.296,-81.2354,61.86,69,56,9.35,broken clouds
308,Santa Cruz,BO,-17.8,-63.1667,92.66,65,75,10.36,broken clouds
309,Cabo San Lucas,MX,22.8909,-109.9124,87.19,63,27,3.67,scattered clouds
310,Bangui,CF,4.3612,18.555,89.78,55,20,0.0,few clouds
311,Vanavara,RU,60.34,102.2797,30.65,92,100,13.65,light snow
312,San Isidro,PE,-12.1167,-77.05,69.26,68,90,1.01,overcast clouds
313,Kodiak,US,57.79,-152.4072,45.91,93,90,26.46,moderate rain
314,Port Elizabeth,ZA,-33.918,25.5701,62.1,94,0,11.5,clear sky
315,Lewisville,US,33.0462,-96.9942,73.17,29,0,3.0,clear sky
316,Faanui,PF,-16.4833,-151.75,78.35,68,20,17.34,few clouds
317,Colac,AU,-38.3333,143.5833,42.42,96,3,3.71,clear sky
318,Oyama,JP,36.3,139.8,48.09,64,82,4.43,broken clouds
319,Palana,RU,59.1167,159.9667,18.16,86,80,3.42,broken clouds
320,Siocon,PH,7.7061,122.1353,78.85,89,95,5.61,overcast clouds
321,Esperance,AU,-33.8667,121.9,53.44,71,2,16.35,clear sky
322,Chinsali,ZM,-10.5414,32.0816,78.26,29,68,6.38,broken clouds
323,Debre Zeyit,ET,8.75,38.9833,56.12,42,37,6.85,scattered clouds
324,Severodvinsk,RU,64.5635,39.8302,41.29,98,100,7.72,light rain
325,Barstow,US,34.8986,-117.0228,77.77,29,0,6.29,clear sky
326,Kolondieba,ML,11.0882,-6.8926,83.53,57,88,5.3,overcast clouds
327,Vaitape,PF,-16.5167,-151.75,78.33,67,19,17.36,few clouds
328,Songea,TZ,-10.6833,35.65,72.41,59,65,8.84,broken clouds
329,Mana,GF,5.6592,-53.7767,83.77,69,41,7.94,scattered clouds
330,Axim,GH,4.8699,-2.2405,79.45,83,94,9.62,overcast clouds
331,Bethanien,NA,-26.502,17.1583,81.19,12,0,6.69,clear sky
332,Imeni Zhelyabova,RU,58.9544,36.5956,42.69,96,62,5.14,broken clouds
333,Mareeba,AU,-17.0,145.4333,68.72,96,37,2.06,scattered clouds
334,Gat,IL,31.61,34.7642,74.39,63,38,5.23,scattered clouds
335,Aranos,NA,-24.1333,19.1167,79.75,13,0,10.83,clear sky
336,Anchorage,US,61.2181,-149.9003,42.8,83,90,13.0,light rain
337,San Quintin,MX,30.4833,-115.95,69.53,69,0,7.92,clear sky
338,Jacareacanga,BR,-6.2222,-57.7528,95.76,37,49,3.53,scattered clouds
339,Gamboma,CG,-1.8764,15.8644,78.39,74,92,2.39,overcast clouds
340,Mitzic,GA,0.7821,11.549,71.04,96,100,0.49,moderate rain
341,Naze,JP,28.3667,129.4833,67.42,77,3,6.31,clear sky
342,Kalanguy,RU,51.0167,116.5167,21.61,45,7,2.66,clear sky
343,Shimoda,JP,34.6667,138.95,64.69,64,78,3.04,broken clouds
344,Akdepe,TM,42.0551,59.3788,48.29,49,70,6.71,broken clouds
345,Roma,US,43.2128,-75.4557,56.12,82,89,3.0,overcast clouds
346,Andros Town,BS,24.7,-77.7667,82.36,57,69,20.89,broken clouds
347,Cuenca,EC,-2.8833,-78.9833,59.13,94,75,9.22,light rain
348,Schonebeck,DE,52.0167,11.75,56.61,75,100,9.01,overcast clouds
349,Le Passage,FR,44.2014,0.6028,65.55,80,100,5.53,overcast clouds
350,Novo Horizonte,BR,-21.4681,-49.2208,93.49,29,86,3.33,overcast clouds
351,Miri,MY,4.4148,114.0089,77.14,94,40,5.75,scattered clouds
352,Novi Sanzhary,UA,49.3439,34.3108,46.62,63,1,6.89,clear sky
353,Geraldton,AU,-28.7667,114.6,63.19,67,0,12.37,clear sky
354,Kropotkin,RU,45.4375,40.5756,47.64,68,0,12.53,clear sky
355,Berdigestyakh,RU,62.0989,126.6992,1.42,99,58,3.87,broken clouds
356,San Jeronimo,PE,-11.9472,-75.2829,63.41,45,44,7.31,scattered clouds
357,Marzuq,YE,14.4,46.4667,75.72,54,99,8.32,overcast clouds
358,Los Llanos De Aridane,ES,28.6585,-17.9182,65.12,83,5,7.31,clear sky
359,North Bend,US,43.4065,-124.2243,56.91,89,97,3.0,overcast clouds
360,Sinnamary,GF,5.3833,-52.95,84.94,66,60,8.03,broken clouds
361,Amga,RU,60.8953,131.9608,-0.89,100,74,1.66,broken clouds
362,Tazovskiy,RU,67.4667,78.7,12.51,94,100,14.23,light snow
363,Belmonte,BR,-15.8631,-38.8828,82.4,65,70,7.92,broken clouds
364,Olinda,BR,-8.0089,-34.8553,83.93,54,20,12.66,few clouds
365,Saint-Georges,GD,12.0564,-61.7485,85.68,66,20,17.27,few clouds
366,Oranjemund,NA,-28.55,16.4333,62.11,86,4,10.4,clear sky
367,Maragogi,BR,-9.0122,-35.2225,81.1,61,11,7.61,few clouds
368,La Rioja,ES,42.25,-2.5,57.04,76,100,4.41,overcast clouds
369,Brigantine,US,39.4101,-74.3646,68.13,63,40,11.5,scattered clouds
370,Tanabe,JP,33.7333,135.3667,59.54,84,80,7.18,moderate rain
371,Zhigansk,RU,66.7697,123.3711,-3.14,98,89,14.2,overcast clouds
372,Orange Cove,US,36.6244,-119.3137,77.29,40,11,3.33,few clouds
373,Lagos,NG,6.5833,3.75,86.32,84,100,5.44,overcast clouds
374,Manavalakurichi,IN,8.1333,77.3,78.89,90,100,1.88,moderate rain
375,Catamarca,AR,-28.4696,-65.7852,96.69,27,6,9.64,clear sky
376,Ancud,CL,-41.8697,-73.8203,58.53,46,0,2.84,clear sky
377,Goundam,ML,16.4145,-3.6708,96.3,17,98,5.88,overcast clouds
378,Bengkulu,ID,-3.8004,102.2655,76.12,92,100,4.79,moderate rain
379,Machacamarca,BO,-18.1667,-67.0333,67.1,16,10,9.69,clear sky
380,Guilin,CN,25.2819,110.2864,64.51,89,100,3.53,overcast clouds
381,Bol,TD,13.4586,14.7147,84.83,46,15,4.97,few clouds
382,Hasanabad,IR,36.5465,61.0543,61.16,28,88,9.84,overcast clouds
383,Yeniseysk,RU,58.4497,92.1703,24.69,60,73,9.17,broken clouds
384,Kawalu,ID,-7.3817,108.2082,72.34,96,100,1.39,overcast clouds
385,Khvalynsk,RU,52.4906,48.1058,45.03,90,71,10.4,broken clouds
386,Grand-Santi,GF,4.25,-54.3833,84.58,77,49,2.98,scattered clouds
387,Ilhabela,BR,-23.7781,-45.3581,70.3,92,100,10.76,overcast clouds
388,Yumen,CN,40.2833,97.2,39.63,41,11,6.71,few clouds
389,Linxia,CN,35.6003,103.2064,40.96,82,100,2.59,overcast clouds
390,Nuuk,GL,64.1835,-51.7216,38.88,64,100,28.01,overcast clouds
391,Gilgit,PK,35.9221,74.3087,51.78,48,7,5.08,clear sky
392,Rafai,CF,4.95,23.9167,72.28,88,75,0.74,light rain
393,Acapulco,MX,16.8634,-99.8901,85.82,74,75,5.75,broken clouds
394,Saint-Francois,FR,46.4154,3.9054,58.44,88,0,4.61,clear sky
395,Marana,US,32.4367,-111.2254,85.19,16,2,7.4,clear sky
396,Altamira,BR,-3.2033,-52.2064,91.49,55,40,3.44,scattered clouds
397,Chowchilla,US,37.123,-120.2602,81.0,88,1,5.75,mist
398,Wageningen,NL,51.9667,5.6667,57.16,94,75,11.5,moderate rain
399,Kirakira,SB,-10.4544,161.9205,80.85,80,97,9.73,overcast clouds
400,Lander,US,42.833,-108.7307,46.06,59,82,9.73,broken clouds
401,Sakakah,SA,29.9697,40.2064,81.97,24,100,9.91,overcast clouds
402,Ust-Nera,RU,64.5667,143.2,-10.77,98,97,1.74,overcast clouds
403,Nome,US,64.5011,-165.4064,9.9,94,39,6.71,scattered clouds
404,Port Moresby,PG,-9.4431,147.1797,74.62,94,20,8.05,few clouds
405,Labuhan,ID,-6.8844,112.2051,81.07,79,99,1.92,overcast clouds
406,Bethel,US,41.3712,-73.414,64.36,98,97,9.62,light rain
407,Parana,AR,-31.732,-60.5238,96.51,34,27,5.99,scattered clouds
408,Moranbah,AU,-22.0016,148.0466,76.95,63,43,8.16,scattered clouds
409,Auki,SB,-8.7676,160.7034,77.14,88,76,3.83,broken clouds
410,Pangnirtung,CA,66.1451,-65.7125,37.4,81,90,16.11,moderate rain
411,Samfya,ZM,-11.3649,29.5565,79.95,31,33,0.78,scattered clouds
412,Kashi,CN,39.4547,75.9797,49.21,23,5,6.71,clear sky
413,Edd,ER,13.9297,41.6925,89.22,46,20,21.23,few clouds
414,Mehamn,NO,71.0357,27.8492,38.01,76,85,2.46,overcast clouds
415,Magadan,RU,59.5667,150.8,21.94,64,99,11.14,overcast clouds
416,Klaksvik,FO,62.2266,-6.589,46.45,93,100,19.71,overcast clouds
417,Maxixe,MZ,-23.8597,35.3472,71.42,78,20,5.99,few clouds
418,Benguela,AO,-12.5763,13.4055,75.78,75,90,4.52,overcast clouds
419,Pacific Grove,US,36.6177,-121.9166,67.6,92,20,1.99,few clouds
420,Poum,NC,-20.2333,164.0167,74.46,76,17,6.11,few clouds
421,Itoman,JP,26.1247,127.6694,73.47,68,7,10.16,clear sky
422,Shahapur,IN,19.45,73.3333,74.25,51,93,4.52,light rain
423,Tautira,PF,-17.7333,-149.15,78.82,75,42,15.61,light rain
424,San Rafael,AR,-34.6177,-68.3301,76.66,25,53,23.96,broken clouds
425,Boundiali,CI,9.5217,-6.4869,81.19,62,98,3.96,overcast clouds
426,Inhambane,MZ,-23.865,35.3833,71.58,78,20,5.99,few clouds
427,Rawson,AR,-43.3002,-65.1023,54.37,61,6,31.65,clear sky
428,Nelson Bay,AU,-32.7167,152.15,55.96,64,100,9.91,overcast clouds
429,Saint Paul,US,44.9444,-93.0933,55.78,73,7,1.99,clear sky
430,Eufaula,US,31.8913,-85.1455,62.38,77,95,10.92,overcast clouds
431,Tiksi,RU,71.6872,128.8694,-2.22,97,100,6.62,overcast clouds
432,Saqqez,IR,36.2499,46.2735,55.24,51,96,2.86,overcast clouds
433,Inongo,CD,-1.95,18.2667,74.95,78,16,3.27,few clouds
434,Kastamonu,TR,41.5,33.6667,42.35,78,0,2.66,clear sky
435,North Myrtle Beach,US,33.816,-78.68,68.02,58,65,13.98,broken clouds
436,Vung Tau,VN,10.346,107.0843,81.46,79,48,18.54,scattered clouds
437,Mount Gambier,AU,-37.8333,140.7667,42.71,93,75,3.44,broken clouds
438,Phan Thiet,VN,10.9333,108.1,77.05,89,34,7.78,scattered clouds
439,Thana,PK,34.6369,72.0739,60.84,34,0,7.0,clear sky
440,Maceio,BR,-9.6658,-35.7353,81.03,62,17,8.55,few clouds
441,Ponta Delgada,PT,37.7333,-25.6667,74.5,94,75,17.27,broken clouds
442,Takefu,JP,35.9039,136.1669,53.26,76,97,5.95,light rain
443,Kiunga,PG,-6.1219,141.2906,72.27,99,92,0.49,overcast clouds
444,Taywarah,AF,33.35,64.4167,38.52,28,0,3.58,clear sky
445,Gamba,GA,-2.65,10.0,77.11,90,99,8.93,light rain
446,Yunyang,CN,33.4474,112.7142,60.58,70,85,2.86,overcast clouds
447,Nadvoitsy,RU,63.8667,34.3167,43.11,92,100,10.13,overcast clouds
448,Hargeysa,SO,9.56,44.065,67.06,78,68,14.03,light rain
449,Luis Correia,BR,-2.8792,-41.6669,89.6,66,40,14.97,scattered clouds
450,Arequipa,PE,-16.3989,-71.535,71.67,26,0,12.66,clear sky
451,Atambua,ID,-9.1061,124.8925,76.48,81,90,1.03,overcast clouds
452,Constitucion,CL,-35.3333,-72.4167,65.71,61,100,15.48,overcast clouds
453,Locri,IT,38.2414,16.2623,66.11,89,100,3.8,overcast clouds
454,Tuy Hoa,VN,13.0833,109.3,75.97,89,33,3.24,scattered clouds
455,Suihua,CN,46.6406,126.9969,34.7,35,100,12.26,light snow
456,Khuzhir,RU,53.1939,107.3397,34.59,69,50,7.92,scattered clouds
457,Lincoln,US,40.8,-96.667,66.38,39,1,5.99,clear sky
458,Paamiut,GL,61.994,-49.6678,31.95,82,61,14.72,broken clouds
459,Bud,US,39.447,-86.1758,55.83,91,100,11.34,overcast clouds
460,Bandarbeyla,SO,9.4942,50.8122,79.3,78,25,12.88,light rain
461,Buzmeyin,TM,38.0507,58.2056,56.93,54,75,4.61,broken clouds
462,Kununurra,AU,-15.7667,128.7333,83.61,63,85,3.4,overcast clouds
463,Korem,ET,12.5058,39.5228,54.05,44,12,5.14,few clouds
464,Waitati,NZ,-45.75,170.5667,49.69,86,0,1.7,clear sky
465,Rocha,UY,-34.4833,-54.3333,73.71,71,100,10.0,overcast clouds
466,Timra,SE,62.487,17.3257,43.68,96,30,2.3,fog
467,Nikolayevsk-Na-Amure,RU,53.1406,140.73,23.47,93,65,4.81,broken clouds
468,Gorontalo,ID,0.5412,123.0595,75.6,95,96,3.11,overcast clouds
469,Barinas,VE,8.6226,-70.2075,83.89,81,86,4.92,overcast clouds
470,Luwuk,ID,-0.9516,122.7875,76.87,87,69,3.09,broken clouds
471,Mersing,MY,2.4312,103.8405,76.91,94,89,3.44,overcast clouds
472,Hovd,MN,48.0056,91.6419,34.9,50,77,6.02,broken clouds
473,Yulara,AU,-25.2406,130.9889,58.84,88,100,5.75,light rain
474,Padang,ID,-0.9492,100.3543,77.95,89,99,2.86,overcast clouds
475,Namie,JP,37.4833,141.0,52.54,77,83,4.21,broken clouds
476,Ambunti,PG,-4.2365,142.8448,73.69,99,66,0.94,moderate rain
477,Vila Franca Do Campo,PT,37.7167,-25.4333,74.19,94,94,15.77,overcast clouds
478,Khailar,IN,25.35,78.5333,69.08,46,1,5.21,clear sky
479,Kars,TR,40.602,43.095,41.85,89,100,3.89,overcast clouds
480,Sanmenxia,CN,34.7747,111.1814,58.14,58,72,1.86,broken clouds
481,Grand Island,US,40.925,-98.342,64.62,41,0,14.27,clear sky
482,Deep River,CA,46.1001,-77.4995,45.95,84,100,6.4,overcast clouds
483,Escanaba,US,45.7453,-87.0646,59.25,48,1,4.41,clear sky
484,Ornskoldsvik,SE,63.2909,18.7153,43.75,100,90,5.75,fog
485,Sharan,RU,54.8167,54.0,43.52,93,100,13.76,overcast clouds
486,Kumi,KR,36.1136,128.336,46.08,85,4,1.97,clear sky
487,Bereda,ES,43.2686,-7.5406,59.58,91,99,3.38,overcast clouds
488,Kenai,US,60.5544,-151.2583,39.29,93,90,9.22,light rain
489,Black River,JM,18.0264,-77.8487,86.0,71,99,9.15,overcast clouds
490,Santa Isabel Do Rio Negro,BR,-0.4139,-65.0192,93.87,45,36,1.25,scattered clouds
491,Rudnogorsk,RU,57.2639,103.7519,34.0,76,100,7.65,overcast clouds
492,Bundoran,IE,54.4778,-8.2809,46.94,84,26,6.8,scattered clouds
493,Huarmey,PE,-10.0681,-78.1522,68.58,74,78,8.72,broken clouds
494,Bonavista,CA,48.6499,-53.1147,51.8,67,40,7.14,scattered clouds
495,Banting,MY,2.8167,101.5,78.94,95,97,3.04,overcast clouds
496,San Policarpo,PH,12.1791,125.5072,80.55,80,100,19.3,overcast clouds
497,Norman Wells,CA,65.282,-126.8329,15.84,92,90,3.44,fog
498,Esso,RU,55.9333,158.7,18.01,94,95,4.32,overcast clouds
499,Rio Grande,BR,-32.035,-52.0986,80.71,73,66,19.73,broken clouds
500,Punta Alta,AR,-38.8759,-62.0736,63.63,51,87,23.55,overcast clouds
501,Mahibadhoo,MV,3.7833,72.9667,82.6,73,65,11.59,broken clouds
502,Iralaya,HN,15.0,-83.2333,80.69,85,100,14.76,overcast clouds
503,Shimanovsk,RU,52.0,127.7,25.14,46,0,4.23,clear sky
504,Laguna,US,38.421,-121.4238,69.64,85,74,4.0,broken clouds
505,Fortuna,US,40.5982,-124.1573,60.48,75,75,1.99,broken clouds
506,Komsomolskiy,UZ,40.4272,71.7189,45.32,65,46,6.91,scattered clouds
507,Livingstone,ZM,-17.8419,25.8543,81.66,36,75,1.43,broken clouds
508,Caucaia,BR,-3.7361,-38.6531,81.03,74,59,10.42,broken clouds
509,Izhmorskiy,RU,56.194,86.6414,25.56,61,91,9.91,overcast clouds
510,Sistranda,NO,63.7256,8.834,48.16,80,73,14.67,broken clouds
511,Libreville,GA,0.3925,9.4537,78.82,89,40,2.3,thunderstorm with light rain
512,Kaeo,NZ,-35.1,173.7833,62.49,96,100,13.15,light rain
513,Susanville,US,40.4163,-120.653,56.08,71,90,0.0,overcast clouds
514,Beyneu,KZ,45.3167,55.2,51.35,63,6,2.68,clear sky
515,Petropavlovsk-Kamchatskiy,RU,53.0452,158.6483,27.19,80,0,6.71,clear sky
516,Carbonia,IT,39.1672,8.5222,66.0,78,100,5.55,overcast clouds
517,Ofaqim,IL,31.3141,34.6203,71.8,65,50,6.2,scattered clouds
518,Sao Francisco,BR,-15.9486,-44.8644,93.63,29,44,3.09,scattered clouds
519,Mecca,SA,21.4267,39.8261,82.63,57,0,2.24,clear sky
520,Teahupoo,PF,-17.8333,-149.2667,73.36,76,46,16.08,light rain
521,Choszczno,PL,53.169,15.4205,50.13,63,40,10.25,scattered clouds
522,Pinotepa Nacional,MX,16.3167,-98.0167,86.22,61,99,3.74,overcast clouds
523,Kloulklubed,PW,7.0419,134.2556,79.3,80,100,15.73,light rain
524,Homer,US,59.6425,-151.5483,44.47,92,100,22.75,heavy intensity rain
525,Henties Bay,NA,-22.116,14.2845,59.86,88,7,6.13,clear sky
526,Arlit,NE,18.7369,7.3853,88.93,13,26,13.89,scattered clouds
527,Stornoway,GB,58.2093,-6.3865,51.93,87,75,4.61,light rain
528,Saint-Leu,RE,-21.15,55.2833,72.46,91,44,4.72,scattered clouds
529,Belyy Yar,RU,53.6039,91.3903,39.43,61,100,17.09,overcast clouds
530,Mantsala,FI,60.6609,25.2838,47.28,94,71,5.68,broken clouds
531,Iqaluit,CA,63.7506,-68.5145,37.13,69,90,20.0,light rain
532,Kieta,PG,-6.2167,155.6333,78.4,86,81,4.47,moderate rain
533,Menomonie,US,44.8755,-91.9193,56.82,57,6,3.38,clear sky
534,San Miguel,SV,13.4833,-88.1833,87.21,59,100,2.46,overcast clouds
535,Waipawa,NZ,-41.4122,175.5153,57.83,80,74,14.14,broken clouds
536,Victoria,HK,22.2855,114.1577,75.33,84,78,1.01,broken clouds
537,Berezovyy,RU,51.6667,135.7,26.02,82,85,2.71,overcast clouds
538,Banda Aceh,ID,5.5577,95.3222,78.78,81,99,3.53,overcast clouds
539,Tabuk,PH,17.4189,121.4443,70.12,91,21,3.58,few clouds
540,Teya,RU,60.3778,92.6267,18.55,81,100,12.19,overcast clouds
541,Junin,AR,-34.5838,-60.9433,96.98,21,0,7.11,clear sky
542,Maues,BR,-3.3836,-57.7186,96.84,34,24,2.42,few clouds
543,Kantang,TH,7.4054,99.5156,75.47,95,100,2.89,overcast clouds
544,Lantawan,PH,10.6167,123.9833,78.49,89,98,9.08,overcast clouds
545,Kostomuksha,RU,64.571,30.5767,41.45,95,100,9.86,overcast clouds
546,Mahanoro,MG,-19.9,48.8,71.19,86,38,3.78,scattered clouds
547,Kholm,RU,59.2667,32.85,45.86,94,81,7.47,broken clouds
548,Pinheiro Machado,BR,-31.5783,-53.3811,78.06,72,66,7.58,broken clouds
549,Benjamin Constant,BR,-4.3831,-70.0311,91.58,51,90,1.14,overcast clouds
550,Campbell River,CA,50.0163,-125.2446,41.27,92,20,1.99,few clouds
551,Santo Antonio Do Amparo,BR,-20.9464,-44.9189,75.79,60,98,4.45,overcast clouds
552,Khowst,AF,33.3833,69.8833,60.28,32,0,1.83,clear sky
553,Alappuzha,IN,9.49,76.3264,79.27,85,99,2.1,moderate rain
554,Cockburn Town,TC,21.4612,-71.1419,84.16,65,40,12.66,scattered clouds
555,Caravelas,BR,-17.7125,-39.2481,80.22,67,44,10.13,scattered clouds
556,Kruisfontein,ZA,-34.0033,24.7314,59.88,92,1,3.36,clear sky
557,Baie-Comeau,CA,49.2168,-68.1489,48.2,76,1,6.91,clear sky
558,Muzhi,RU,65.3667,64.6667,1.42,94,42,4.72,scattered clouds
559,Rosarito,MX,32.3333,-117.0333,69.31,74,38,5.59,scattered clouds
560,Kerman,IR,30.2832,57.0788,62.46,23,0,6.91,clear sky
561,Kerema,PG,-7.9631,145.7785,77.11,84,89,4.81,overcast clouds
562,Igrim,RU,63.1906,64.4162,18.1,68,9,2.26,clear sky
563,Noumea,NC,-22.2763,166.4572,60.78,83,5,4.18,clear sky
564,Ulagan,RU,50.6321,87.9563,31.08,72,100,3.06,overcast clouds
565,Saldanha,ZA,-33.0117,17.9442,66.25,86,72,17.47,broken clouds
566,Praia Da Vitoria,PT,38.7333,-27.0667,75.45,78,40,14.27,scattered clouds
567,Palora,EC,-1.7,-77.9333,80.58,64,59,2.77,light rain
568,Bonga,ET,7.2833,36.2333,59.94,73,80,1.79,broken clouds
569,Luleburgaz,TR,41.4039,27.3592,54.77,81,10,10.8,clear sky
570,Aparecida Do Taboado,BR,-20.0867,-51.0936,93.04,36,42,3.49,scattered clouds
571,Beira,MZ,-19.8436,34.8389,73.74,71,0,12.77,clear sky
572,Saint-Michel-Des-Saints,CA,46.6834,-73.9159,44.94,73,98,9.1,overcast clouds
573,Baykit,RU,61.67,96.37,18.7,87,99,10.07,overcast clouds
574,Xuddur,SO,4.1213,43.8894,80.74,38,31,8.3,scattered clouds
575,Jalu,LY,29.0331,21.5482,73.27,33,2,6.2,clear sky
576,Qui Nhon,VN,13.7667,109.2333,76.5,89,30,5.44,scattered clouds
577,Santa Maria,BR,-29.6842,-53.8069,85.3,51,0,10.36,clear sky
578,Yabelo,ET,4.8833,38.0833,62.71,64,59,13.35,broken clouds
579,Shubarkuduk,KZ,49.1447,56.4872,41.18,82,50,8.52,scattered clouds
580,Lithgow,AU,-33.4833,150.15,40.84,95,30,0.98,scattered clouds
581,Mogadishu,SO,2.0371,45.3438,79.45,79,7,12.21,clear sky
582,Port Macquarie,AU,-31.4333,152.9167,57.09,94,40,9.22,scattered clouds
583,Poya,NC,-21.35,165.15,69.85,85,2,2.37,clear sky
584,Sabang,ID,5.8933,95.3214,81.19,76,100,6.64,overcast clouds
585,Nanga Eboko,CM,4.6833,12.3667,73.38,87,99,1.77,overcast clouds
586,Pangody,RU,65.85,74.4859,13.3,92,100,15.7,overcast clouds
587,Sabana De Torres,CO,7.3915,-73.4957,79.41,73,96,3.65,light rain
588,Ahuimanu,US,21.4447,-157.8378,77.45,74,2,3.65,clear sky
589,San Jose De Sisa,PE,-6.6167,-76.6915,88.32,49,64,2.13,broken clouds
590,Kon Tum,VN,14.35,108.0,67.08,97,24,2.66,few clouds
591,Hershey,US,40.2859,-76.6503,63.64,81,90,4.0,overcast clouds
592,Cayenne,GF,4.9333,-52.3333,83.34,73,65,8.16,broken clouds
593,Jining,CN,35.405,116.5814,59.09,59,35,2.86,light rain
594,Palu,ID,-0.8917,119.8707,74.62,96,97,2.15,moderate rain
595,Biella,IT,45.5871,8.0859,48.22,90,100,1.34,overcast clouds
596,Port Blair,IN,11.6667,92.75,80.87,80,93,1.79,overcast clouds
597,Raymond,US,43.9015,-70.4703,53.51,98,100,8.66,overcast clouds
598,Muli,MV,2.9167,73.5667,82.62,75,28,13.18,scattered clouds
599,Kharhial,IN,20.2833,82.7667,72.68,79,69,1.86,broken clouds
600,Qostanay,KZ,53.1667,63.5833,39.07,78,100,19.17,overcast clouds
601,Belaya Gora,RU,68.5333,146.4167,0.43,97,100,4.41,overcast clouds
602,Corinto,GR,37.9407,22.9573,63.9,79,97,4.29,overcast clouds
603,Yamada,JP,39.4667,141.95,49.91,83,96,6.33,overcast clouds
604,Mapimi,MX,25.8167,-103.85,74.97,17,0,2.42,clear sky
605,Platteville,US,42.7342,-90.4785,57.29,72,1,5.75,clear sky
606,Havoysund,NO,70.9963,24.6622,36.48,69,83,4.05,broken clouds
607,Broken Hill,AU,-31.95,141.4333,51.51,37,90,9.22,overcast clouds
608,Yelizovo,RU,53.1873,158.3805,28.54,80,0,6.71,clear sky
609,Boguchany,RU,58.3814,97.4531,24.82,66,72,8.46,broken clouds
610,Aykhal,RU,66.0,111.5,14.29,99,100,6.85,overcast clouds
611,Loandjili,CG,-4.7561,11.8578,78.33,87,89,11.01,overcast clouds
612,Kulhudhuffushi,MV,6.6221,73.07,80.08,82,100,7.72,overcast clouds
613,Pulaski,US,34.7668,-92.3001,65.26,61,0,11.99,clear sky
614,Bhatkal,IN,13.9667,74.5667,79.36,85,99,4.5,overcast clouds
615,Requena,ES,39.4883,-1.1004,65.71,84,100,19.08,overcast clouds
616,Erdenet,MN,49.0333,104.0833,28.08,73,46,4.79,scattered clouds
617,Mantua,IT,45.1667,10.7833,56.73,84,100,1.01,overcast clouds
618,Necochea,AR,-38.5473,-58.7368,62.04,69,76,23.53,light rain
619,Fethiye,TR,36.6217,29.1164,66.07,71,100,2.35,overcast clouds
620,Bull Savanna,JM,17.8868,-77.5902,82.13,72,93,9.22,overcast clouds
621,Murray Bridge,AU,-35.1167,139.2667,48.45,86,0,2.39,clear sky
622,Denia,ES,38.8408,0.1057,74.95,75,100,7.0,overcast clouds
623,Byron Bay,AU,-28.65,153.6167,67.95,90,97,7.4,overcast clouds
624,Dasoguz,TM,41.8363,59.9666,48.15,66,0,4.61,clear sky
625,Boralday,KZ,43.3578,76.8594,44.53,70,39,3.11,scattered clouds
626,Yanam,IN,16.7333,82.2167,77.61,90,79,3.74,broken clouds
627,Agadir,MA,30.4202,-9.5982,73.31,48,5,6.26,clear sky
628,Frontera,MX,26.9333,-101.45,78.96,18,0,0.83,clear sky
629,Lieksa,FI,63.3167,30.0167,44.82,93,93,12.03,overcast clouds
630,Nizhniy Kuranakh,RU,58.8353,125.4869,9.99,88,32,3.71,scattered clouds
631,Eureka,US,40.8021,-124.1637,60.75,96,68,4.0,broken clouds
632,Preobrazheniye,RU,42.9019,133.9064,50.67,87,100,6.42,overcast clouds
633,Urengoy,RU,65.9667,78.3667,13.21,94,100,13.4,overcast clouds
634,Mabaruma,GY,8.2,-59.7833,85.91,61,45,6.13,scattered clouds
635,Te Anau,NZ,-45.4167,167.7167,45.93,94,83,7.16,broken clouds
636,Bogorodskoye,RU,56.55,37.8833,46.42,90,72,9.71,broken clouds
637,Pudozh,RU,61.8099,36.5345,44.85,89,100,7.09,overcast clouds
638,Da Lat,VN,11.9465,108.4419,57.81,98,66,2.59,heavy intensity rain
639,Vagur,FO,61.4732,-6.8119,47.05,91,100,17.9,overcast clouds
640,Daru,PG,-9.0763,143.2092,78.85,86,97,8.41,overcast clouds
641,Pozoblanco,ES,38.3791,-4.8483,62.91,93,100,17.09,overcast clouds
642,Dali,CN,25.7,100.1833,53.85,89,10,4.07,clear sky
643,Camopi,GF,3.1655,-52.3158,85.41,68,27,4.65,scattered clouds
644,Grants Pass,US,42.439,-123.3284,58.44,95,99,1.41,light rain
645,Comodoro Rivadavia,AR,-45.8667,-67.5,51.66,58,40,11.5,scattered clouds
646,Porto Novo,BJ,6.4965,2.6036,85.82,81,100,6.8,overcast clouds
647,Cabedelo,BR,-6.9811,-34.8339,86.67,64,29,14.85,scattered clouds
648,Shaoguan,CN,24.8,113.5833,63.01,90,85,1.77,light rain
649,Dhidhdhoo,MV,6.8833,73.1,79.68,82,98,5.06,overcast clouds
650,Moron,AR,-34.6534,-58.6198,91.94,56,2,8.28,clear sky
651,Gura Teghii,RO,45.4833,26.4167,46.35,89,0,2.26,clear sky
652,Maningrida,AU,-12.0667,134.2667,80.78,74,100,5.14,overcast clouds
653,Monte Carmelo,BR,-18.7247,-47.4986,84.56,38,94,7.14,overcast clouds
654,Bridlington,GB,54.0831,-0.1919,48.29,79,35,15.35,scattered clouds
655,Kodinsk,RU,58.6881,99.1844,26.67,64,83,10.58,broken clouds
656,Koungheul,SN,13.9833,-14.8,80.24,74,100,14.09,overcast clouds
657,Zelenoborskiy,RU,66.845,32.3622,35.06,98,100,2.64,light rain
658,Bowen,AU,-20.0167,148.2333,71.82,83,10,4.23,clear sky
659,Fairbanks,US,64.8378,-147.7164,27.1,89,20,9.22,few clouds
660,Bardiyah,LY,31.7561,25.0865,71.15,68,30,6.55,scattered clouds
661,Qasigiannguit,GL,68.8193,-51.1922,29.46,86,100,6.06,overcast clouds
662,Doha,QA,25.2867,51.5333,84.18,70,0,4.61,clear sky
663,Mulege,MX,26.8833,-111.9833,85.24,27,0,4.36,clear sky
664,Sandwick,GB,60.0,-1.25,48.02,93,90,9.22,overcast clouds
665,Springfield,US,37.2153,-93.2982,58.42,76,32,5.99,scattered clouds
666,Gizo,SB,-8.103,156.8419,82.2,77,36,5.88,light rain
667,Kabalo,CD,-6.05,26.9167,73.29,87,81,1.14,light rain
668,Gold Coast,AU,-28.0,153.4333,68.07,88,75,10.36,broken clouds
669,Foz,ES,43.5692,-7.2544,64.08,81,94,4.97,overcast clouds
670,Campo Maior,BR,-4.8278,-42.1686,92.43,38,80,4.18,broken clouds
671,Peqin,AL,41.0461,19.7511,51.66,51,0,2.08,clear sky
672,Rio Gallegos,AR,-51.6226,-69.2181,59.05,21,0,16.11,clear sky
673,Kutum,SD,14.2,24.6667,79.39,14,16,5.64,few clouds
674,Pastavy,BY,55.1168,26.8326,49.75,71,8,14.03,clear sky
675,Staryy Nadym,RU,65.6118,72.6842,10.35,92,100,18.19,overcast clouds
676,Ternate,ID,0.8,127.4,79.88,82,100,2.64,light rain
